êš ,a
êš¡,ka
êš¢,u
êš£,ku
êš¤,e
êš¥,re
êš¦,tÉ™
êš§,É”
êš¨,nyi
êš©,i
êšª,la
êš«,pa
êš¬,rii
êš­,rie
êš®,lee
êš¯,mee
êš°,taa
êš±,ndaa
êš²,nÊ’É™m
êš³,m
êš´,suu
êšµ,mu
êš¶,Êƒii
êš·,si
êš¸,ÊƒÉ¯x
êš¹,sÉ¯x
êšº,kye
êš»,kÉ›t
êš¼,nuÉ™
êš½,nu
êš¾,nÊ’uÉ™
êš¿,yÉ”Ê”
ê›€,Êƒu
ê›,yuÊ”
ê›‚,ya
ê›ƒ,nÊƒa
ê›„,kÉ¯x
ê›…,pÉ¯x
ê›†,nÊ’e
ê›‡,nte
ê›ˆ,pÃ¼
ê›‰,wÃ¼
ê›Š,pe
ê›‹,fe
ê›Œ,ru
ê›,lu
ê›,mi
ê›,ni
ê›,rÉ¯x
ê›‘,rÉ™
ê›’,kÉ›n
ê›“,Å‹kwÉ™n
ê›”,Å‹ga
ê›•,Å‹a
ê›–,ÊƒÉ”
ê›—,puÉ™
ê›˜,fu
ê›™,fÉ”m
ê›š,wa
ê››,na
ê›œ,li
ê›,pi
ê›,lÉ”Ê”
ê›Ÿ,kÉ”
ê› ,mbÉ›n
ê›¡,rÉ›n
ê›¢,mÉ›n
ê›£,ma
ê›¤,ti
ê›¥,ki
ğ– €,Å‹kÃ¼ mfÉ”n
ğ– ,gbie fÉ”n
ğ– ‚,pÉ”n mfÉ”n pipÉ™mgbie
ğ– ƒ,pÉ”n mfÉ”n pipÉ™mba
ğ– „,naa mfÉ”n
ğ– …,ÊƒÃ¼nÊƒÃ¼t
ğ– †,tita mfÉ”n
ğ– ‡,nza mfÉ”n
ğ– ˆ,Êƒinda pa nÊ’i
ğ– ‰,pÉ”n pa nÊ’i pipÉ™mgbie
ğ– Š,pÉ”n pa nÊ’i pipÉ™mba
ğ– ‹,mÉ™mgbie
ğ– Œ,tu mÉ™mba
ğ– ,Å‹aÅ‹u
ğ– ,mÉ™mvÉ¯x
ğ– ,mansuÉ™
ğ– ,mvÉ¯É™Å‹am
ğ– ‘,sÉ¯nyam
ğ– ’,ntÉ”Ê”pÉ›n
ğ– “,kÉ¯kÉ¯tnda
ğ– ”,nkindi
ğ– •,suu
ğ– –,Å‹kÃ¼nzÉ¯m
ğ– —,lapaÊ”
ğ– ˜,lÉ›t kut
ğ– ™,ntap mfaa
ğ– š,mÉ™kÉ¯p
ğ– ›,paÊƒÉ™
ğ– œ,É£É¯É™rÉ™
ğ– ,pamÊƒÉ™
ğ– ,mÉ”n Å‹gÉ¯É™t
ğ– Ÿ,nzun mÉ¯t
ğ–  ,u yuÊ” nÉ™
ğ– ¡,É£É¯É™É£É¯É™
ğ– ¢,ntap ntaa
ğ– £,sisa
ğ– ¤,mgbasa
ğ– ¥,mÉ¯nÊ’É”mndÉ¯Ê”
ğ– ¦,mÉ”É”mpuÊ”
ğ– §,kafa
ğ– ¨,pa lerÉ™wa
ğ– ©,nda lerÉ™wa
ğ– ª,pÉ›t
ğ– «,mÉ™mkpÉ›n
ğ– ¬,nika
ğ– ­,pup
ğ– ®,tuÉ™p
ğ– ¯,luÉ™p
ğ– °,sÉ”nÊ’am
ğ– ±,tÉ¯tÉ¯wÉ›n
ğ– ²,mÉ™nyi
ğ– ³,kÉ›t
ğ– ´,ndaaÅ‹gÉ¯É™t
ğ– µ,kuÉ”Ê”
ğ– ¶,mÉ”É”mÉ¯t
ğ– ·,Êƒum
ğ– ¸,lÉ”mmÉ™
ğ– ¹,fir'i
ğ– º,rÉ”m
ğ– »,kpÉ”Ê”
ğ– ¼,sÉ”Ê”
ğ– ½,map piet
ğ– ¾,ÊƒirÉ™
ğ– ¿,ntap
ğ–¡€,ÊƒÉ”Ê” nÊƒut yum
ğ–¡,nyit mÉ”Å‹kÉ¯É™Ê”
ğ–¡‚,paarÉ™
ğ–¡ƒ,nkaarÉ™
ğ–¡„,*
ğ–¡…,Å‹gÉ›n
ğ–¡†,mÉ™si
ğ–¡‡,nÊ’am
ğ–¡ˆ,mbanyi
ğ–¡‰,nyÉ›t
ğ–¡Š,tÉ¯É™n
ğ–¡‹,sÉ”t
ğ–¡Œ,paam
ğ–¡,nÊƒie
ğ–¡,mÉ™m
ğ–¡,nyi
ğ–¡,kaÊ”
ğ–¡‘,nÊƒa
ğ–¡’,ve
ğ–¡“,lu
ğ–¡”,nÉ›n
ğ–¡•,naÊ”
ğ–¡–,mbaÊ”
ğ–¡—,nÊƒÃ¼t
ğ–¡˜,tu mÉ™mgbie
ğ–¡™,sie
ğ–¡š,sÉ›t tu
ğ–¡›,lÉ”m ntÉ¯m
ğ–¡œ,mba mÉ™le
ğ–¡,kiem
ğ–¡,yÉ¯rÉ™
ğ–¡Ÿ,mbaarÉ™
ğ–¡ ,kam
ğ–¡¡,peÊƒi
ğ–¡¢,yafu lerÉ™wa
ğ–¡£,lam nÊƒut nyam
ğ–¡¤,ntie ÊƒÉ¯É”Ê”
ğ–¡¥,ndu nÊ’aa
ğ–¡¦,É£É¯É£É¯É™m
ğ–¡§,pit
ğ–¡¨,tu nsie
ğ–¡©,ÊƒÉ›t nÊ’aÊ”
ğ–¡ª,ÊƒÉ¯É™Êƒtu
ğ–¡«,mfÉ”n tÉ¯É™Ê”
ğ–¡¬,mbit mbaakÉ›t
ğ–¡­,nyi ntÉ¯m
ğ–¡®,kÉ¯puÊ”
ğ–¡¯,É£É¯É£É›n
ğ–¡°,kÉ¯yÉ¯x
ğ–¡±,laanÉ™
ğ–¡²,parum
ğ–¡³,vÉ¯m
ğ–¡´,Å‹kindi mvÉ”p
ğ–¡µ,Å‹gÉ¯ mbu
ğ–¡¶,wuÉ™t
ğ–¡·,sakÉ¯É™
ğ–¡¸,taam
ğ–¡¹,mÉ¯Ê”
ğ–¡º,Å‹guÉ”Ê”
ğ–¡»,Å‹guÉ”Ê”
ğ–¡¼,mfiyaÊ”
ğ–¡½,sÃ¼
ğ–¡¾,mbÉ¯ri
ğ–¡¿,mÉ”ntien
ğ–¢€,nyÉ™mÉ™
ğ–¢,puÅ‹gaam
ğ–¢‚,mÉ¯t Å‹get
ğ–¢ƒ,fÉ¯x
ğ–¢„,mbuÉ”Ê”
ğ–¢…,fe
ğ–¢†,kÉ¯É™m
ğ–¢‡,ma nÊ’É¯É™na
ğ–¢ˆ,ma nÊ’uÊ”a
ğ–¢‰,lÉ›t
ğ–¢Š,Å‹gaam
ğ–¢‹,nsÉ›n
ğ–¢Œ,ma
ğ–¢,kiÊ”
ğ–¢,Å‹gÉ”m
ğ–¢,Å‹kÃ¼ mÉ™mba
ğ–¢,nza
ğ–¢‘,yum
ğ–¢’,waÅ‹kuÉ”Ê”
ğ–¢“,Å‹gÉ›n
ğ–¢”,ndÉ¯É™re
ğ–¢•,Å‹kaÊ”
ğ–¢–,É£arÉ™
ğ–¢—,mbeket
ğ–¢˜,gbayi
ğ–¢™,nyir mkparaÊ” mÉ¯n
ğ–¢š,ntu mbit
ğ–¢›,mbÉ¯m
ğ–¢œ,pirien
ğ–¢,ndÉ”mbu
ğ–¢,mbaa
ğ–¢Ÿ,kÉ¯ÊƒÉ¯É™p
ğ–¢ ,É£ap
ğ–¢¡,kÉ¯kaÊ”
ğ–¢¢,yu muÉ”mÉ™
ğ–¢£,nzÉ™m
ğ–¢¤,mbÃ¼
ğ–¢¥,nsÉ¯É™n
ğ–¢¦,mbit
ğ–¢§,yÉ¯Ê”
ğ–¢¨,kparaÊ”
ğ–¢©,kaa
ğ–¢ª,sÉ¯x
ğ–¢«,ndida
ğ–¢¬,taaÊƒÉ™
ğ–¢­,nÊ’Ã¼Ê”
ğ–¢®,tita yÃ¼
ğ–¢¯,suÉ™t
ğ–¢°,Å‹guÉ™n nyam
ğ–¢±,vÉ¯x
ğ–¢²,nansanaÊ”
ğ–¢³,ma kÉ¯É™ri
ğ–¢´,ntaa
ğ–¢µ,Å‹guÉ”n
ğ–¢¶,lap
ğ–¢·,mbirien
ğ–¢¸,mgbasaÊ”
ğ–¢¹,ntÉ¯ngba
ğ–¢º,tÉ¯tÉ¯x
ğ–¢»,Å‹gum
ğ–¢¼,fÃ¼
ğ–¢½,ndÉ¯t
ğ–¢¾,nsa
ğ–¢¿,nÊƒaÊ”
ğ–£€,buÅ‹
ğ–£,vÉ¯É™pÉ›n
ğ–£‚,mbÉ›rÉ™
ğ–£ƒ,ru
ğ–£„,nÊ’É™m
ğ–£…,lam
ğ–£†,tituÉ™p
ğ–£‡,nsuÉ”t Å‹É”m
ğ–£ˆ,nÊ’ee
ğ–£‰,kÉ›t
ğ–£Š,Å‹gu
ğ–£‹,mÉ™si
ğ–£Œ,mbuÉ™m
ğ–£,lu
ğ–£,kut
ğ–£,nÊ’am
ğ–£,Å‹É”m
ğ–£‘,wup
ğ–£’,Å‹guet
ğ–£“,nsÉ”m
ğ–£”,ntÉ›n
ğ–£•,kuÉ”p nkaarÉ™
ğ–£–,nsun
ğ–£—,ndam
ğ–£˜,ma nsie
ğ–£™,yaa
ğ–£š,ndap
ğ–£›,ÊƒÃ¼Ê”
ğ–£œ,ÊƒÉ›tfÉ”n
ğ–£,mbi
ğ–£,mÉ™mba
ğ–£Ÿ,mbanyi
ğ–£ ,kÉ¯sÉ¯x
ğ–£¡,mbÉ¯x
ğ–£¢,kÉ¯m
ğ–££,mbaa
ğ–£¤,yuwÉ”Ê”
ğ–£¥,nÊ’É¯x
ğ–£¦,mie
ğ–£§,muÉ™
ğ–£¨,ÊƒiÊ”
ğ–£©,kÉ›n
ğ–£ª,kÉ›n
ğ–£«,Å‹aÊ”
ğ–£¬,naÊ”
ğ–£­,liÊ”
ğ–£®,pin
ğ–£¯,pÉ›n
ğ–£°,tÉ›t
ğ–£±,mbuÉ”
ğ–£²,wap
ğ–£³,nÊ’i
ğ–£´,mfÉ”n
ğ–£µ,nÊ’ie
ğ–£¶,lie
ğ–£·,nÊ’É¯t
ğ–£¸,nÊƒe
ğ–£¹,Å‹gaamÉ™
ğ–£º,nyam
ğ–£»,wuÉ™n
ğ–£¼,Å‹kun
ğ–£½,Êƒe
ğ–£¾,Å‹kap
ğ–£¿,kÉ¯É™tmÉ¯n
ğ–¤€,tÉ¯t
ğ–¤,ÊƒÉ¯É™
ğ–¤‚,nÊ’ap
ğ–¤ƒ,sÃ¼
ğ–¤„,kÉ›t
ğ–¤…,yÉ™mmÉ™
ğ–¤†,kuÉ”m
ğ–¤‡,sap
ğ–¤ˆ,mfÉ¯t
ğ–¤‰,ndÉ¯x
ğ–¤Š,maleri
ğ–¤‹,mÉ¯t
ğ–¤Œ,sÉ¯É™Ê”
ğ–¤,yÉ›n
ğ–¤,nÊ’É¯É™m
ğ–¤,kÉ¯É”t mbuÉ™
ğ–¤,Å‹kÉ¯ri
ğ–¤‘,tu
ğ–¤’,É£aa
ğ–¤“,Å‹kye
ğ–¤”,fÉ¯fÉ¯É™t
ğ–¤•,nde
ğ–¤–,mgbÉ”fum
ğ–¤—,lÉ¯É™p
ğ–¤˜,ndÉ”n
ğ–¤™,mÉ”ni
ğ–¤š,mgbÉ¯n
ğ–¤›,puut
ğ–¤œ,mgbie
ğ–¤,mfo
ğ–¤,lum
ğ–¤Ÿ,nsiep
ğ–¤ ,mbaa
ğ–¤¡,kwÉ™t
ğ–¤¢,nyÉ›t
ğ–¤£,tÉ¯É™n
ğ–¤¤,sÉ”t
ğ–¤¥,yuwÉ”Ê”
ğ–¤¦,kÉ¯m
ğ–¤§,rÉ™m
ğ–¤¨,tee
ğ–¤©,Å‹kÉ¯É™Ê”
ğ–¤ª,mfÉ¯É™
ğ–¤«,nsiet
ğ–¤¬,kÉ¯p
ğ–¤­,pip
ğ–¤®,pÉ¯tÉ™
ğ–¤¯,nyÃ¼
ğ–¤°,lÉ›t
ğ–¤±,Å‹gaam
ğ–¤²,mfie
ğ–¤³,Å‹gwÉ™n
ğ–¤´,yuÉ”m
ğ–¤µ,pap
ğ–¤¶,yuÉ”p
ğ–¤·,ndam
ğ–¤¸,ntÉ¯m
ğ–¤¹,suÉ™
ğ–¤º,kun
ğ–¤»,Å‹gÉ¯x
ğ–¤¼,Å‹kie
ğ–¤½,tuÉ”t
ğ–¤¾,mÉ¯n
ğ–¤¿,kuÊ”
ğ–¥€,nsum
ğ–¥,tÉ¯n
ğ–¥‚,mÉ™nÊ’É›t
ğ–¥ƒ,Å‹gap
ğ–¥„,lÉ¯m
ğ–¥…,Å‹guÉ”m
ğ–¥†,nÊƒut
ğ–¥‡,nÊ’Ã¼Ê”
ğ–¥ˆ,É£É¯É™
ğ–¥‰,ku
ğ–¥Š,rÉ›n
ğ–¥‹,tÉ™
ğ–¥Œ,tÉ”Ê”
ğ–¥,nyi
ğ–¥,rii
ğ–¥,lee
ğ–¥,mee
ğ–¥‘,m
ğ–¥’,suu
ğ–¥“,mu
ğ–¥”,Êƒii
ğ–¥•,ÊƒÉ¯x
ğ–¥–,kye
ğ–¥—,nu
ğ–¥˜,Êƒu
ğ–¥™,nte
ğ–¥š,pe
ğ–¥›,n'i
ğ–¥œ,ÊƒÉ”Ê”
ğ–¥,puÊ”
ğ–¥,mvÉ”p
ğ–¥Ÿ,lÉ”Ê”
ğ–¥ ,rÉ›n
ğ–¥¡,ti
ğ–¥¢,ntuu
ğ–¥£,samba
ğ–¥¤,saÊ”
ğ–¥¥,faa
ğ–¥¦,ndap
ğ–¥§,tÉ”É”n
ğ–¥¨,mbÉ¯m
ğ–¥©,lap
ğ–¥ª,vÉ”m
ğ–¥«,lÉ”É”n
ğ–¥¬,paa
ğ–¥­,sÉ”m
ğ–¥®,raÊ”
ğ–¥¯,nÊƒuÉ”p
ğ–¥°,ndun
ğ–¥±,puÉ™
ğ–¥²,tam
ğ–¥³,Å‹ka
ğ–¥´,kpÉ¯x
ğ–¥µ,wuÉ”
ğ–¥¶,se
ğ–¥·,Å‹gÉ¯É™t
ğ–¥¸,paam
ğ–¥¹,tÉ”É”
ğ–¥º,kuÉ”p
ğ–¥»,lÉ”m
ğ–¥¼,nÊƒie
ğ–¥½,Å‹gÉ”p
ğ–¥¾,mÉ™m
ğ–¥¿,Å‹kÉ¯x
ğ–¦€,Å‹É”Ê”
ğ–¦,nÊƒÃ¼
ğ–¦‚,rimgba
ğ–¦ƒ,nÊ’É¯x
ğ–¦„,pem
ğ–¦…,saa
ğ–¦†,Å‹gurÉ™
ğ–¦‡,mgba
ğ–¦ˆ,É£É¯x
ğ–¦‰,Å‹kÉ¯É™m
ğ–¦Š,nÊ’É™mli
ğ–¦‹,map
ğ–¦Œ,lÉ”É”t
ğ–¦,Å‹gee
ğ–¦,ndiÊ”
ğ–¦,tÉ™n ntÉ¯m
ğ–¦,sÉ›t
ğ–¦‘,pum
ğ–¦’,ndaa
ğ–¦“,Å‹guÉ™ÊƒÉ™ nyam
ğ–¦”,yie
ğ–¦•,É£É¯n
ğ–¦–,tuÉ™
ğ–¦—,yÉ¯É™
ğ–¦˜,pÉ”
ğ–¦™,tumÉ™
ğ–¦š,kÉ¯É™
ğ–¦›,suÉ™n
ğ–¦œ,tÉ¯É™Ê”
ğ–¦,vÉ¯É™
ğ–¦,wÉ¯x
ğ–¦Ÿ,laam
ğ–¦ ,pu
ğ–¦¡,taaÊ”
ğ–¦¢,É£aamÉ™
ğ–¦£,Å‹É¯rÉ¯t
ğ–¦¤,ÊƒÉ¯É™Ê”
ğ–¦¥,mgbÉ›n
ğ–¦¦,mbe
ğ–¦§,nzaÊ”
ğ–¦¨,nkÉ”m
ğ–¦©,gbÉ›t
ğ–¦ª,tum
ğ–¦«,kÃ¼t
ğ–¦¬,yap
ğ–¦­,nyi
ğ–¦®,yit
ğ–¦¯,mfÉ¯Ê”
ğ–¦°,ndiaÊ”
ğ–¦±,pieÊ”
ğ–¦²,yÃ¼Ê”
ğ–¦³,lÉ¯É™m
ğ–¦´,fÃ¼
ğ–¦µ,gbÉ¯x
ğ–¦¶,Å‹kup
ğ–¦·,kÉ›t
ğ–¦¸,mÉ™
ğ–¦¹,Å‹kaami
ğ–¦º,É£É›t
ğ–¦»,fa
ğ–¦¼,ntum
ğ–¦½,pÉ¯t
ğ–¦¾,yÉ¯m
ğ–¦¿,Å‹gÉ¯É™
ğ–§€,nyi
ğ–§,nzuÊ”
ğ–§‚,pÉ”É”n
ğ–§ƒ,mie
ğ–§„,fÃ¼t
ğ–§…,nÉ™
ğ–§†,muÉ™
ğ–§‡,É£É¯É™
ğ–§ˆ,fu i
ğ–§‰,mvi
ğ–§Š,puaÊ”
ğ–§‹,Å‹kum
ğ–§Œ,kut
ğ–§,piÉ›t
ğ–§,ntap
ğ–§,yÉ¯É™t
ğ–§,Å‹gup
ğ–§‘,pa
ğ–§’,fu
ğ–§“,fÉ”m
ğ–§”,nÊ’e
ğ–§•,a
ğ–§–,tÉ”Ê”
ğ–§—,É”
ğ–§˜,i
ğ–§™,laÊ”
ğ–§š,pa
ğ–§›,taa
ğ–§œ,taÊ”
ğ–§,ndaa
ğ–§,ÊƒiÊ”
ğ–§Ÿ,yÉ¯x
ğ–§ ,Å‹uÉ™
ğ–§¡,yuÉ™n
ğ–§¢,yÉ”Ê”
ğ–§£,yÉ”Ê”
ğ–§¤,yuÊ”
ğ–§¥,yun
ğ–§¦,kÉ¯x
ğ–§§,pÉ¯x
ğ–§¨,nÊ’e
ğ–§©,pÃ¼
ğ–§ª,wÃ¼
ğ–§«,fe
ğ–§¬,ve
ğ–§­,lu
ğ–§®,mi
ğ–§¯,rÉ¯x
ğ–§°,rÉ™
ğ–§±,Å‹uÉ™t
ğ–§²,Å‹a
ğ–§³,ÊƒÉ”
ğ–§´,ÊƒÉ”Ê”
ğ–§µ,fu
ğ–§¶,na
ğ–§·,pi
ğ–§¸,lÉ”Ê”
ğ–§¹,kÉ”
ğ–§º,mÉ›n
ğ–§»,ma
ğ–§¼,maÊ”
ğ–§½,tÉ¯
ğ–§¾,ki
ğ–§¿,mÉ”n
ğ–¨€,tÉ›n
ğ–¨,faÊ”
ğ–¨‚,É£É”m
ğ–¨ƒ,ka
ğ–¨„,u
ğ–¨…,ku
ğ–¨†,e
ğ–¨‡,re
ğ–¨ˆ,tÉ™
ğ–¨‰,nyi
ğ–¨Š,la
ğ–¨‹,rii
ğ–¨Œ,rie
ğ–¨,mee
ğ–¨,taa
ğ–¨,ndaa
ğ–¨,nÊ’É™m
ğ–¨‘,m
ğ–¨’,suu
ğ–¨“,Êƒii
ğ–¨”,si
ğ–¨•,sÉ¯x
ğ–¨–,kye
ğ–¨—,kÉ›t
ğ–¨˜,nuÉ™
ğ–¨™,nu
ğ–¨š,nÊ’uÉ™
ğ–¨›,yÉ”Ê”
ğ–¨œ,Êƒu
ğ–¨,ya
ğ–¨,nÊƒa
ğ–¨Ÿ,pÉ¯x
ğ–¨ ,nte
ğ–¨¡,wÃ¼
ğ–¨¢,pe
ğ–¨£,ru
ğ–¨¤,n'i
ğ–¨¥,rÉ¯x
ğ–¨¦,kÉ›n
ğ–¨§,Å‹kwÉ™n
ğ–¨¨,Å‹ga
ğ–¨©,ÊƒÉ”
ğ–¨ª,puÉ™
ğ–¨«,fÉ”m
ğ–¨¬,wa
ğ–¨­,li
ğ–¨®,lÉ”Ê”
ğ–¨¯,kÉ”
ğ–¨°,mbÉ›n
ğ–¨±,rÉ›n
ğ–¨²,ma
ğ–¨³,mÉ”
ğ–¨´,mbaa
ğ–¨µ,tÉ›t
ğ–¨¶,kpa
ğ–¨·,samba
ğ–¨¸,vÃ¼Ê”
