Ͱ	H
Ͳ	S
#͵	_
Ͷ	W
ͺ	i
Ϳ	J
#΄	_
Α	A
Β	V
Γ	G
Δ	D
Ε	E
Ζ	Z
Η	I
Θ	TH
Ι	I
Κ	K
Λ	L
Μ	M
Ν	N
Ξ	X
Ο	O
Π	P
Ρ	R
Σ	S
Τ	T
Υ	Y
Φ	F
Χ	CH
Ψ	PS
Ω	O
Ϗ	&
Ϙ	Q
Ϛ	ST
Ϝ	W
Ϟ	Q
Ϡ	S
϶	e
Ϸ	SH
Ϻ	S
ϼ	r.
Ͻ	S
Ͼ	S.
Ͽ	S.
#᾽	_
#᾿	_
#῀	_
#῁	_
#῍	_
#῎	_
#῏	_
῝	h
῞	h
῟	h
#῭	_
#΅	_
#`	_
#´	_
῾	h
ꭥ	O
#𐅀	_
#𐅁	_
#𐅂	_
#𐅃	_
#𐅄	_
#𐅅	_
#𐅆	_
#𐅇	_
#𐅈	_
#𐅉	_
#𐅊	_
#𐅋	_
#𐅌	_
#𐅍	_
#𐅎	_
#𐅏	_
#𐅐	_
#𐅑	_
#𐅒	_
#𐅓	_
#𐅔	_
#𐅕	_
#𐅖	_
#𐅗	_
#𐅘	_
#𐅙	_
#𐅚	_
#𐅛	_
#𐅜	_
#𐅝	_
#𐅞	_
#𐅟	_
#𐅠	_
#𐅡	_
#𐅢	_
#𐅣	_
#𐅤	_
#𐅥	_
#𐅦	_
#𐅧	_
#𐅨	_
#𐅩	_
#𐅪	_
#𐅫	_
#𐅬	_
#𐅭	_
#𐅮	_
#𐅯	_
#𐅰	_
#𐅱	_
#𐅲	_
#𐅳	_
#𐅴	_
#𐅵	_
#𐅶	_
#𐅷	_
#𐅸	_
#𐅹	_
#𐅺	_
#𐅻	_
#𐅼	_
#𐅽	_
#𐅾	_
#𐅿	_
#𐆀	_
#𐆁	_
#𐆂	_
#𐆃	_
#𐆄	_
#𐆅	_
#𐆆	_
#𐆇	_
#𐆈	_
#𐆉	_
#𐆊	_
#𐆋	_
#𐆌	_
#𐆍	_
#𐆎	_
#𐆠	_
#𝈀	_
#𝈁	_
#𝈂	_
#𝈃	_
#𝈄	_
#𝈅	_
#𝈆	_
#𝈇	_
#𝈈	_
#𝈉	_
#𝈊	_
#𝈋	_
#𝈌	_
#𝈍	_
#𝈎	_
#𝈏	_
#𝈐	_
#𝈑	_
#𝈒	_
#𝈓	_
#𝈔	_
#𝈕	_
#𝈖	_
#𝈗	_
#𝈘	_
#𝈙	_
#𝈚	_
#𝈛	_
#𝈜	_
#𝈝	_
#𝈞	_
#𝈟	_
#𝈠	_
#𝈡	_
#𝈢	_
#𝈣	_
#𝈤	_
#𝈥	_
#𝈦	_
#𝈧	_
#𝈨	_
#𝈩	_
#𝈪	_
#𝈫	_
#𝈬	_
#𝈭	_
#𝈮	_
#𝈯	_
#𝈰	_
#𝈱	_
#𝈲	_
#𝈳	_
#𝈴	_
#𝈵	_
#𝈶	_
#𝈷	_
#𝈸	_
#𝈹	_
#𝈺	_
#𝈻	_
#𝈼	_
#𝈽	_
#𝈾	_
#𝈿	_
#𝉀	_
#𝉁	_
#𝉂	_
#𝉃	_
#𝉄	_
#𝉅	_
