ğ €,ki
ğ ,ka
ğ ‚,ku
ğ ˆ,wi
ğ ‰,wa
ğ Š,wu
ğ ”,miÌƒ
ğ •,maÌƒ
ğ –,muÌƒ
ğ ›,bi
ğ œ,ba
ğ ,bu
ğ ¢,i
ğ £,a
ğ ¤,u
ğ ¾,di
ğ ¿,da
ğ¡€,du
ğ ®,si
ğ ¯,sa
ğ °,su
ğ¡„,ti
ğ¡…,ta
ğ¡†,tu
ğ ¶,li
ğ ·,la
ğ ¸,lu
ğ¡‹,ji
ğ¡Œ,ja
ğ¡,ju
ğ¡“,yi
ğ¡”,ya
ğ¡•,yu
ğ¡š,fi
ğ¡›,fa
ğ¡œ,fu
ğ¡£,niÌƒ
ğ¡¤,naÌƒ
ğ¡¥,nuÌƒ
ğ¡«,he
ğ¡©,ha
ğ¡­,ho
ğ¡¸,Å‹gaÌƒ
ğ¢¢,kpe
ğ ,wÉ”
ğ¡¶,huÌƒa
ğ¢–,mbe
ğ †,kÉ”
ğ ’,wva
ğ¢,pu
ğ¢,pÉ›
ğ¡´,hÉ›Ìƒ
ğ¡±,hiÌƒ
ğ »,lo
ğ¡ˆ,tÉ›
ğ¢§,gba
ğ¢Š,Å‹É”Ìƒ
ğ£,nyaÌƒ
ğ —,mÉ›Ìƒ
ğ£„,nyÉ”Ìƒ
ğ ‘,wvi
ğ¢”,mba
ğ¡‘,jÉ”
ğ¢´,ndÉ”
ğ ƒ,ke
ğ¢’,pÉ”
ğ¢³,ndo
ğ¢Œ,pi
ğ¡Š,tÉ”
ğ¢¬,gbÉ”
ğ¢«,gbo
ğ¢˜,mbÉ›
ğ º,lÉ›
ğ¢¡,kpu
ğ¡,fÉ›
ğ …,ko
ğ¢¿,vÉ”
ğ¡,fe
ğ ´,sÉ”
ğ¡—,yÉ›
ğ¢,pe
ğ¡¹,Å‹gu
ğ¡¯,hei
ğ ¹,le
ğ¢½,vÉ›
ğ¢€,Å‹gÉ›É›
ğ¡³,huÌƒ
ğ¡ ,fÉ”
ğ¡,de
ğ¡·,Å‹gi
ğ¡‡,te
ğ¢ ,kpa
ğ¢©,gbe
ğ ˜,mÉ”Ìƒ
ğ „,kÉ›
ğ¡¬,hÉ›
ğ Ÿ,bÉ›
ğ£ƒ,nyÉ›Ìƒ
ğ¢,pa
ğ ¦,É›
ğ¡¢,faÌƒ
ğ¢‘,po
ğ  ,bo
ğ¡‰,to
ğ¢,mboo
ğ¢,Å‹goo
ğ¢ª,gbÉ›
ğ¢£,kpÉ›
ğ¡–,ye
ğ ½,lÉ›É›
ğ¢„,ga
ğ¢¤,kpo
ğ¡,jÉ›
ğ ,wo
ğ¡º,Å‹ge
ğ ²,sÉ›
ğ¡¦,nÉ›Ìƒ
ğ Œ,wÉ›
ğ¢²,ndÉ›
ğ¡½,Å‹gÉ”
ğ¡™,yÉ”
ğ¢•,mbu
ğ¢®,ndi
ğ¢¦,gbi
ğ¢°,ndu
ğ ‹,we
ğ¡¿,Å‹gua
ğ¡°,hou
ğ¢¯,nda
ğ¡²,haÌƒ
ğ ª,iÌƒ
ğ¢Ÿ,kpi
ğ¡Ÿ,fo
ğ¢¸,njo
ğ «,iÌƒ
ğ ³,so
ğ ©,É›i
ğ ¡,bÉ”
ğ “,wvÉ›
ğ¡®,hÉ”
ğ¡˜,yo
ğ¢,mbÉ”É”
ğ ,wÉ›i
ğ¢¾,vo
ğ¢“,mbi
ğ¡»,Å‹gÉ›
ğ ¨,É”
ğ¢¨,gbu
ğ¢·,nje
ğ ,be
ğ¢»,vu
ğ¢µ,nja
ğ ¼,lÉ”
ğ ™,muÌƒa
ğ¢ƒ,gi
ğ¡¼,Å‹go
ğ¡,je
ğ¢¥,kpÉ”
ğ¡¾,Å‹gaa
ğ¡,jo
ğ¢œ,mbÉ›É›
ğ ±,se
ğ ¥,e
ğ£€,nyiÌƒ
ğ §,o
ğ¢‡,guÉ›i
ğ¢ˆ,guÌƒa
ğ¢…,gu
ğ¡§,nÉ”Ìƒ
ğ£‚,nyuÌƒ
ğ¢­,ra
ğ¢™,mbÉ”
ğ¢¼,ve
ğ¢š,mbo
ğ¡’,jÉ”É”
ğ¡¨,hi
ğ¢‹,Å‹uÌƒa
ğ ­,É›Ìƒ
ğ ‡,kua
ğ¡‚,do
ğ¡ƒ,dÉ”
ğ¢¹,vi
ğ¢‚,Å‹gÉ”É”
ğ¢‰,Å‹É›Ìƒ
ğ¢º,va
ğ¡ª,hu
ğ¢›,mbuu
ğ¢—,mbe
ğ š,muÌƒÉ›
ğ¢†,ge
ğ¢±,nde
ğ¢¶,nju
ğ¡µ,hÉ”Ìƒ
ğ ,wui
ğ ¬,aÌƒ
ğ µ,sia
ğ¡¡,fua
